{
  "accuracy": 0.8875272352889535,
  "average_precision": 0.2741689011144204,
  "balanced_accuracy": 0.8177233519046837,
  "f1": 0.044349506662597904,
  "precision": 0.022852750017471522,
  "recall": 0.7474285714285714,
  "roc_auc": 0.8740746930978991,
  "specificity": 0.888018132380796,
  "threshold": 0.5
}