{
  "accuracy": 0.9969273007334573,
  "average_precision": 0.467635268656876,
  "balanced_accuracy": 0.5742356580224743,
  "f1": 0.2524271844660194,
  "precision": 0.8387096774193549,
  "recall": 0.14857142857142858,
  "roc_auc": 0.9108089652769714,
  "specificity": 0.9998998874735202,
  "threshold": 0.5
}