{
  "accuracy": 0.9954787425078014,
  "average_precision": 0.5190426833934982,
  "balanced_accuracy": 0.8058347800070136,
  "f1": 0.4870982344952467,
  "precision": 0.4032983508245877,
  "recall": 0.6148571428571429,
  "roc_auc": 0.9298674819068062,
  "specificity": 0.9968124171568843,
  "threshold": 0.5
}